"State","County","Year","Days with AQI","Good Days","Moderate Days","Unhealthy for Sensitive Groups Days","Unhealthy Days","Very Unhealthy Days","Hazardous Days","Max AQI","90th Percentile AQI","Median AQI","Days CO","Days NO2","Days Ozone","Days SO2","Days PM2.5","Days PM10"
"Alabama","Autauga",1989,63,54,9,0,0,0,0,100,64,34,0,0,63,0,0,0
"Alabama","Colbert",1989,359,263,53,33,10,0,0,200,107,13,0,0,0,359,0,0
"Alabama","Etowah",1989,57,54,3,0,0,0,0,54,46,28,0,0,0,0,0,57
"Alabama","Houston",1989,39,39,0,0,0,0,0,50,39,24,0,0,0,0,0,39
"Alabama","Jackson",1989,362,268,74,19,1,0,0,193,79,27,0,0,0,362,0,0
"Alabama","Jefferson",1989,365,210,129,22,4,0,0,177,93,46,85,0,170,0,0,110
"Alabama","Lauderdale",1989,348,262,49,31,6,0,0,200,102,14,0,0,0,348,0,0
"Alabama","Madison",1989,365,276,83,6,0,0,0,112,67,38,57,0,240,0,0,68
"Alabama","Marengo",1989,45,44,1,0,0,0,0,52,37,22,0,0,0,0,0,45
"Alabama","Mobile",1989,359,210,88,54,7,0,0,189,112,44,0,0,155,179,0,25
"Alabama","Montgomery",1989,270,227,42,1,0,0,0,112,61,36,0,0,251,0,0,19
"Alabama","Morgan",1989,22,20,2,0,0,0,0,56,35,21,0,0,0,0,0,22
"Alabama","Russell",1989,43,43,0,0,0,0,0,45,35,24,0,0,0,0,0,43
"Alabama","Shelby",1989,257,205,40,12,0,0,0,136,80,37,0,0,236,0,0,21
"Alabama","Tuscaloosa",1989,42,40,2,0,0,0,0,53,44,26,0,0,0,0,0,42
"Alaska","Anchorage ",1989,352,220,124,7,1,0,0,176,76,40,165,0,0,0,0,187
"Alaska","Denali ",1989,278,278,0,0,0,0,0,44,39,30,0,0,248,0,30,0
"Alaska","Fairbanks North Star ",1989,269,199,64,5,1,0,0,158,81,33,170,0,0,0,0,99
"Alaska","Juneau ",1989,362,308,54,0,0,0,0,81,55,22,0,0,0,0,0,362
"Alaska","Kenai Peninsula ",1989,356,350,2,4,0,0,0,119,21,7,0,233,0,76,0,47
"Alaska","Sitka ",1989,177,167,8,2,0,0,0,105,42,19,0,0,0,119,0,58
"Arizona","Apache",1989,340,247,87,6,0,0,0,150,67,44,0,1,318,21,0,0
"Arizona","Cochise",1989,240,156,73,8,3,0,0,175,80,44,0,0,157,0,29,54
"Arizona","Coconino",1989,236,170,66,0,0,0,0,100,67,42,0,0,172,0,41,23
"Arizona","Gila",1989,364,102,100,125,37,0,0,200,153,89,0,0,0,343,12,9
"Arizona","Graham",1989,55,43,12,0,0,0,0,77,58,36,0,0,0,0,0,55
"Arizona","Maricopa",1989,365,89,198,72,6,0,0,198,122,74,151,0,196,0,0,18
"Arizona","Navajo",1989,134,132,2,0,0,0,0,65,30,18,0,0,0,0,91,43
"Arizona","Pima",1989,365,80,265,20,0,0,0,129,90,61,91,78,146,0,1,49
"Arizona","Pinal",1989,349,247,46,47,9,0,0,200,113,21,0,0,0,349,0,0
"Arizona","Santa Cruz",1989,42,22,18,2,0,0,0,145,71,49,0,0,0,0,0,42
"Arizona","Yuma",1989,162,111,36,15,0,0,0,150,93,44,0,0,161,0,0,1
"Arkansas","Arkansas",1989,58,51,7,0,0,0,0,65,52,26,0,0,0,0,0,58
"Arkansas","Ashley",1989,32,29,3,0,0,0,0,60,45,31,0,0,0,0,0,32
"Arkansas","Boone",1989,28,27,1,0,0,0,0,66,44,21,0,0,0,0,0,28
"Arkansas","Craighead",1989,32,31,1,0,0,0,0,61,46,29,0,0,0,0,0,32
"Arkansas","Crittenden",1989,30,28,2,0,0,0,0,55,44,23,0,0,0,0,0,30
"Arkansas","Garland",1989,33,32,1,0,0,0,0,64,36,22,0,0,0,0,0,33
"Arkansas","Jefferson",1989,33,31,2,0,0,0,0,62,41,20,0,0,0,0,0,33
"Arkansas","Marion",1989,30,30,0,0,0,0,0,47,31,16,0,0,0,0,0,30
"Arkansas","Miller",1989,33,32,1,0,0,0,0,51,36,21,0,0,0,0,0,33
"Arkansas","Mississippi",1989,10,9,1,0,0,0,0,86,86,10,0,0,0,0,0,10
"Arkansas","Ouachita",1989,32,31,1,0,0,0,0,52,40,19,0,0,0,0,0,32
"Arkansas","Phillips",1989,33,31,2,0,0,0,0,54,36,22,0,0,0,0,0,33
"Arkansas","Polk",1989,31,31,0,0,0,0,0,47,30,19,0,0,0,0,0,31
"Arkansas","Pope",1989,34,33,1,0,0,0,0,61,32,25,0,0,0,0,0,34
"Arkansas","Pulaski",1989,365,274,76,14,1,0,0,161,74,41,0,47,310,1,0,7
"Arkansas","Sebastian",1989,40,39,1,0,0,0,0,52,43,24,0,0,0,0,0,40
"Arkansas","Union",1989,351,298,44,9,0,0,0,113,65,17,0,0,0,328,0,23
"Arkansas","Washington",1989,36,34,2,0,0,0,0,56,34,25,0,0,0,0,0,36
"Arkansas","White",1989,31,29,2,0,0,0,0,65,36,23,0,0,0,0,0,31
"California","Alameda",1989,365,237,101,22,5,0,0,190,89,44,12,172,176,0,0,5
"California","Butte",1989,365,215,131,18,1,0,0,154,87,44,85,68,202,0,0,10
"California","Colusa",1989,60,56,4,0,0,0,0,59,47,28,0,0,0,0,0,60
"California","Contra Costa",1989,365,204,140,15,6,0,0,179,89,48,15,137,183,21,0,9
"California","Del Norte",1989,329,328,1,0,0,0,0,61,34,25,0,0,289,0,40,0
"California","El Dorado",1989,365,120,181,46,16,2,0,205,133,64,171,5,185,0,3,1
"California","Fresno",1989,365,64,125,91,76,9,0,217,174,100,35,83,235,0,0,12
"California","Glenn",1989,60,58,2,0,0,0,0,60,43,23,0,0,0,0,0,60
"California","Humboldt",1989,344,337,7,0,0,0,0,69,32,11,282,0,0,0,0,62
"California","Imperial",1989,345,268,65,8,3,0,1,572,74,38,0,0,293,0,0,52
"California","Inyo",1989,68,46,18,1,1,0,2,1757,81,37,0,0,0,0,0,68
"California","Kern",1989,365,59,132,67,77,30,0,233,192,100,11,99,234,1,0,20
"California","Kings",1989,361,181,119,52,8,1,0,207,119,49,0,0,334,0,0,27
"California","Lake",1989,355,355,0,0,0,0,0,49,37,28,0,0,348,0,0,7
"California","Los Angeles",1989,365,10,69,110,63,113,0,295,248,150,65,92,206,1,0,1
"California","Madera",1989,295,133,99,50,13,0,0,190,133,54,0,0,267,0,0,28
"California","Marin",1989,365,311,54,0,0,0,0,100,57,38,18,132,177,0,29,9
"California","Mariposa",1989,357,241,79,34,3,0,0,166,101,40,0,0,340,0,2,15
"California","Mendocino",1989,65,59,6,0,0,0,0,64,49,26,0,0,0,0,0,65
"California","Merced",1989,64,45,19,0,0,0,0,97,76,39,0,0,0,0,0,64
"California","Mono",1989,267,211,49,7,0,0,0,122,67,37,40,0,137,0,0,90
"California","Monterey",1989,365,315,41,8,1,0,0,174,57,38,1,99,262,0,0,3
"California","Napa",1989,365,308,54,3,0,0,0,150,57,34,44,112,196,0,0,13
"California","Orange",1989,365,63,164,97,24,17,0,265,157,87,11,187,165,1,0,1
"California","Placer",1989,365,192,100,50,23,0,0,190,133,48,0,0,356,0,0,9
"California","Plumas",1989,53,40,13,0,0,0,0,95,73,23,0,0,0,0,0,53
"California","Riverside",1989,365,47,97,66,48,105,2,608,229,126,11,100,240,0,0,14
"California","Sacramento",1989,365,108,142,81,30,4,0,229,143,77,83,59,217,4,0,2
"California","San Benito",1989,363,247,90,25,1,0,0,187,93,44,0,0,349,0,10,4
"California","San Bernardino",1989,365,29,95,67,42,132,0,297,251,143,1,116,241,1,1,5
"California","San Diego",1989,365,31,110,106,81,37,0,293,201,110,5,103,257,0,0,0
"California","San Francisco",1989,365,282,80,3,0,0,0,108,68,38,123,173,55,2,0,12
"California","San Joaquin",1989,365,221,118,23,3,0,0,195,93,47,50,134,158,1,0,22
"California","San Luis Obispo",1989,365,144,155,58,6,2,0,218,107,58,2,25,198,136,0,4
"California","San Mateo",1989,365,282,75,8,0,0,0,125,79,38,8,231,118,0,0,8
"California","Santa Barbara",1989,365,76,185,78,21,5,0,275,133,76,20,63,277,4,0,1
"California","Santa Clara",1989,365,189,129,40,7,0,0,192,105,49,74,60,214,0,0,17
"California","Santa Cruz",1989,364,345,16,2,1,0,0,154,44,34,1,21,327,1,0,14
"California","Shasta",1989,365,270,76,19,0,0,0,143,87,40,1,50,303,0,0,11
"California","Siskiyou",1989,329,292,35,2,0,0,0,119,51,35,0,0,310,0,0,19
"California","Solano",1989,365,274,78,11,2,0,0,190,74,39,58,80,217,1,0,9
"California","Sonoma",1989,365,313,43,9,0,0,0,143,57,35,24,92,232,0,0,17
"California","Stanislaus",1989,365,145,140,59,20,1,0,216,135,61,48,92,203,0,0,22
"California","Sutter",1989,327,214,91,20,2,0,0,154,90,43,0,0,315,0,0,12
"California","Tehama",1989,59,55,4,0,0,0,0,57,48,29,0,0,0,0,0,59
"California","Tulare",1989,365,111,111,77,56,10,0,217,169,87,9,102,241,0,0,13
"California","Tuolumne",1989,307,255,45,7,0,0,0,126,67,32,0,0,307,0,0,0
"California","Ventura",1989,365,101,107,70,51,36,0,264,200,84,0,81,280,0,0,4
"California","Yolo",1989,335,269,55,11,0,0,0,143,71,37,28,0,307,0,0,0
"California","Yuba",1989,54,47,7,0,0,0,0,80,58,28,0,0,0,0,0,54
"Colorado","Adams",1989,365,202,137,26,0,0,0,122,91,49,32,154,147,20,0,12
"Colorado","Alamosa",1989,357,325,31,1,0,0,0,125,49,41,0,0,301,0,3,53
"Colorado","Arapahoe",1989,365,235,104,24,2,0,0,166,87,45,67,30,265,0,0,3
"Colorado","Archuleta",1989,30,21,9,0,0,0,0,82,74,36,0,0,0,0,0,30
"Colorado","Boulder",1989,365,240,107,16,2,0,0,174,87,44,88,0,213,0,0,64
"Colorado","Delta",1989,169,143,26,0,0,0,0,78,55,31,0,0,0,0,0,169
"Colorado","Denver",1989,365,100,205,59,1,0,0,168,104,64,65,128,84,63,0,25
"Colorado","Douglas",1989,9,9,0,0,0,0,0,45,45,22,0,0,0,0,0,9
"Colorado","Eagle",1989,152,150,2,0,0,0,0,52,33,19,0,0,0,0,0,152
"Colorado","El Paso",1989,365,156,194,14,1,0,0,165,84,52,21,158,127,39,0,20
"Colorado","Fremont",1989,344,337,7,0,0,0,0,88,36,19,0,0,0,0,0,344
"Colorado","Garfield",1989,239,209,30,0,0,0,0,79,54,29,0,0,0,0,0,239
"Colorado","Gunnison",1989,61,47,14,0,0,0,0,79,60,31,0,0,0,0,0,61
"Colorado","Jefferson",1989,365,234,94,33,4,0,0,161,101,45,106,0,255,0,0,4
"Colorado","Larimer",1989,365,255,100,10,0,0,0,126,77,44,102,0,256,0,2,5
"Colorado","Mesa",1989,362,314,48,0,0,0,0,80,54,41,0,0,314,25,0,23
"Colorado","Montezuma",1989,97,97,0,0,0,0,0,38,23,13,0,0,0,0,97,0
"Colorado","Pitkin",1989,304,288,16,0,0,0,0,68,42,24,0,0,0,0,0,304
"Colorado","Prowers",1989,49,46,3,0,0,0,0,62,43,21,0,0,0,0,0,49
"Colorado","Pueblo",1989,60,54,6,0,0,0,0,65,51,27,0,0,0,0,0,60
"Colorado","Routt",1989,163,136,26,1,0,0,0,105,57,25,0,0,0,0,0,163
"Colorado","San Juan",1989,90,90,0,0,0,0,0,35,23,12,0,0,0,0,90,0
"Colorado","San Miguel",1989,267,235,32,0,0,0,0,75,52,30,0,0,0,0,0,267
"Colorado","Teller",1989,360,360,0,0,0,0,0,23,11,6,0,0,0,360,0,0
"Colorado","Weld",1989,365,275,86,4,0,0,0,136,70,42,93,0,248,0,0,24
"Connecticut","Fairfield",1989,365,120,177,46,14,8,0,238,117,62,20,47,127,168,0,3
"Connecticut","Hartford",1989,365,200,144,14,4,3,0,223,84,49,147,45,95,77,0,1
"Connecticut","Litchfield",1989,61,61,0,0,0,0,0,44,36,19,0,0,0,0,0,61
"Connecticut","Middlesex",1989,232,170,32,15,11,4,0,229,112,41,0,0,205,0,0,27
"Connecticut","New Haven",1989,365,111,183,58,9,4,0,225,115,62,11,79,78,171,0,26
"Connecticut","New London",1989,351,223,91,23,8,6,0,226,101,42,0,0,174,165,0,12
"Connecticut","Tolland",1989,182,110,49,15,6,2,0,219,112,46,0,0,182,0,0,0
"Connecticut","Windham",1989,61,61,0,0,0,0,0,46,32,19,0,0,0,0,0,61
"Delaware","Kent",1989,311,154,108,34,14,1,0,201,112,51,0,0,150,161,0,0
"Delaware","New Castle",1989,354,88,171,76,17,2,0,228,125,69,31,48,77,192,0,6
"Delaware","Sussex",1989,317,186,87,38,6,0,0,173,108,43,0,0,137,180,0,0
"District Of Columbia","District of Columbia",1989,355,172,147,30,5,1,0,222,101,52,22,137,92,40,60,4
"Florida","Alachua",1989,31,30,1,0,0,0,0,76,21,11,0,0,0,31,0,0
"Florida","Brevard",1989,365,296,50,19,0,0,0,143,74,38,0,0,365,0,0,0
"Florida","Broward",1989,365,301,53,5,6,0,0,172,67,36,100,0,260,0,0,5
"Florida","Duval",1989,365,231,111,19,4,0,0,159,86,45,44,48,204,58,0,11
"Florida","Escambia",1989,365,215,75,62,13,0,0,191,129,45,0,0,257,108,0,0
"Florida","Hillsborough",1989,365,83,159,99,24,0,0,200,137,76,11,23,54,276,0,1
"Florida","Lee",1989,350,310,30,9,1,0,0,154,54,33,0,0,350,0,0,0
"Florida","Leon",1989,100,94,5,1,0,0,0,133,47,32,0,0,100,0,0,0
"Florida","Manatee",1989,76,50,15,10,1,0,0,164,105,41,0,0,76,0,0,0
"Florida","Miami-Dade",1989,365,242,106,13,4,0,0,166,80,43,138,69,139,0,17,2
"Florida","Nassau",1989,365,265,65,29,6,0,0,200,100,30,0,0,0,365,0,0
"Florida","Orange",1989,365,273,72,15,5,0,0,200,80,39,18,42,296,1,0,8
"Florida","Palm Beach",1989,365,319,42,4,0,0,0,150,54,32,10,83,253,18,0,1
"Florida","Pinellas",1989,365,166,112,74,13,0,0,188,122,57,31,10,138,185,0,1
"Florida","Polk",1989,365,308,48,8,1,0,0,156,65,19,0,0,0,365,0,0
"Florida","Putnam",1989,271,251,18,2,0,0,0,110,43,19,0,0,0,271,0,0
"Florida","Sarasota",1989,365,230,124,10,1,0,0,151,67,44,157,0,169,39,0,0
"Florida","Seminole",1989,355,294,46,12,3,0,0,154,71,34,0,0,355,0,0,0
"Florida","Volusia",1989,30,30,0,0,0,0,0,27,23,4,0,0,0,30,0,0
"Georgia","Baldwin",1989,343,291,41,11,0,0,0,139,75,9,0,0,0,343,0,0
"Georgia","Bartow",1989,313,287,20,5,1,0,0,154,44,14,0,0,0,313,0,0
"Georgia","Chatham",1989,365,316,47,2,0,0,0,109,57,19,0,0,0,314,0,51
"Georgia","Dawson",1989,244,166,67,9,2,0,0,192,90,44,0,0,244,0,0,0
"Georgia","DeKalb",1989,365,258,77,26,4,0,0,187,93,41,54,122,174,0,0,15
"Georgia","Dougherty",1989,301,299,2,0,0,0,0,60,24,10,0,0,0,301,0,0
"Georgia","Douglas",1989,263,188,49,24,2,0,0,164,100,41,0,0,263,0,0,0
"Georgia","Fannin",1989,315,145,74,79,17,0,0,200,132,59,0,0,0,315,0,0
"Georgia","Floyd",1989,342,322,14,6,0,0,0,126,31,10,0,0,0,342,0,0
"Georgia","Fulton",1989,365,143,158,57,7,0,0,174,112,58,8,161,70,124,0,2
"Georgia","McIntosh",1989,260,200,56,4,0,0,0,143,74,37,0,0,260,0,0,0
"Georgia","Muscogee",1989,273,224,45,4,0,0,0,143,67,38,0,0,273,0,0,0
"Georgia","Paulding",1989,207,139,51,16,1,0,0,156,97,43,0,0,207,0,0,0
"Georgia","Richmond",1989,201,119,67,14,1,0,0,169,93,44,0,0,201,0,0,0
"Georgia","Rockdale",1989,262,156,68,27,10,1,0,204,112,47,0,0,262,0,0,0
"Guam","Guam",1989,106,77,29,0,0,0,0,85,62,44,0,0,0,0,0,106
"Hawaii","Hawaii",1989,354,245,5,13,91,0,0,200,200,29,0,0,212,131,11,0
"Hawaii","Honolulu",1989,365,365,0,0,0,0,0,44,32,19,315,0,8,0,0,42
"Hawaii","Kauai",1989,47,47,0,0,0,0,0,31,26,15,0,0,0,0,0,47
"Hawaii","Maui",1989,40,40,0,0,0,0,0,47,34,22,0,0,0,0,0,40
"Idaho","Ada",1989,328,246,82,0,0,0,0,100,64,41,288,0,0,0,0,40
"Idaho","Bannock",1989,363,194,131,35,3,0,0,200,101,45,0,0,0,267,0,96
"Idaho","Bonner",1989,152,131,20,0,0,0,1,325,54,25,0,0,0,0,0,152
"Idaho","Bonneville",1989,59,52,7,0,0,0,0,69,52,23,0,0,0,0,0,59
"Idaho","Caribou",1989,365,210,96,47,12,0,0,200,120,40,0,0,0,298,0,67
"Idaho","Clearwater",1989,71,59,12,0,0,0,0,90,56,31,0,0,0,0,0,71
"Idaho","Kootenai",1989,107,92,13,1,0,0,1,321,53,30,0,0,21,0,0,86
"Idaho","Nez Perce",1989,62,50,12,0,0,0,0,80,60,33,0,0,0,0,0,62
"Idaho","Shoshone",1989,118,87,30,0,1,0,0,176,65,33,0,0,0,0,0,118
"Idaho","Twin Falls",1989,49,46,3,0,0,0,0,85,40,20,0,0,0,0,0,49
"Illinois","Adams",1989,359,266,71,22,0,0,0,148,80,38,0,0,255,95,0,9
"Illinois","Champaign",1989,363,269,62,32,0,0,0,147,97,36,0,0,276,78,0,9
"Illinois","Coles",1989,50,44,6,0,0,0,0,66,55,22,0,0,0,0,0,50
"Illinois","Cook",1989,365,60,216,74,13,2,0,216,115,71,5,121,68,163,0,8
"Illinois","DuPage",1989,365,256,96,11,2,0,0,161,72,43,0,253,71,33,0,8
"Illinois","Effingham",1989,212,118,72,20,2,0,0,164,101,48,0,0,212,0,0,0
"Illinois","Jackson",1989,37,34,3,0,0,0,0,70,38,24,0,0,0,0,0,37
"Illinois","Jersey",1989,235,158,60,13,4,0,0,195,90,44,0,0,235,0,0,0
"Illinois","Kane",1989,351,302,37,10,2,0,0,154,64,31,0,0,351,0,0,0
"Illinois","La Salle",1989,60,38,18,1,3,0,0,179,88,42,0,0,0,0,0,60
"Illinois","Lake",1989,364,304,41,13,5,1,0,202,71,31,0,0,364,0,0,0
"Illinois","Livingston",1989,212,148,49,14,1,0,0,161,90,44,0,0,212,0,0,0
"Illinois","Macon",1989,361,185,103,55,18,0,0,200,120,50,0,0,152,157,0,52
"Illinois","Macoupin",1989,362,240,94,26,2,0,0,169,95,43,0,0,268,92,0,2
"Illinois","Madison",1989,365,42,157,128,37,1,0,206,151,92,5,0,53,264,0,43
"Illinois","Massac",1989,353,280,48,21,4,0,0,172,81,26,0,0,0,353,0,0
"Illinois","McHenry",1989,363,304,44,11,4,0,0,166,67,32,0,0,363,0,0,0
"Illinois","Monroe",1989,355,283,56,14,2,0,0,187,74,36,0,0,355,0,0,0
"Illinois","Peoria",1989,364,229,100,33,2,0,0,159,100,45,75,0,187,100,0,2
"Illinois","Randolph",1989,348,218,75,40,15,0,0,181,122,38,0,0,0,203,0,145
"Illinois","Rock Island",1989,364,290,57,17,0,0,0,150,80,36,62,0,250,47,0,5
"Illinois","Saint Clair",1989,364,69,129,134,32,0,0,200,148,91,4,31,24,287,0,18
"Illinois","Sangamon",1989,364,227,71,62,4,0,0,190,114,44,58,0,206,97,0,3
"Illinois","Tazewell",1989,341,244,62,29,6,0,0,200,101,26,0,0,0,341,0,0
"Illinois","Wabash",1989,275,193,46,30,6,0,0,200,113,21,0,0,0,275,0,0
"Illinois","Will",1989,364,231,98,33,2,0,0,174,96,43,0,0,187,140,0,37
"Illinois","Winnebago",1989,365,255,94,15,1,0,0,177,73,42,161,0,197,0,0,7
"Indiana","Allen",1989,365,259,79,21,5,1,0,202,90,41,86,41,161,69,0,8
"Indiana","Bartholomew",1989,203,155,38,9,1,0,0,154,77,40,0,0,203,0,0,0
"Indiana","Carroll",1989,192,140,43,8,1,0,0,169,93,43,0,0,192,0,0,0
"Indiana","Clark",1989,356,184,118,46,7,1,0,209,115,50,0,0,166,176,0,14
"Indiana","Daviess",1989,359,221,49,62,27,0,0,200,138,33,0,0,0,359,0,0
"Indiana","DeKalb",1989,11,11,0,0,0,0,0,48,48,19,0,0,0,0,0,11
"Indiana","Dearborn",1989,364,158,111,73,22,0,0,200,132,56,0,0,0,364,0,0
"Indiana","Delaware",1989,28,23,5,0,0,0,0,60,55,25,0,0,0,0,0,28
"Indiana","Dubois",1989,54,48,6,0,0,0,0,68,51,31,0,0,0,0,0,54
"Indiana","Floyd",1989,358,191,96,58,13,0,0,200,114,46,0,0,0,343,0,15
"Indiana","Fountain",1989,250,185,34,26,5,0,0,200,104,17,0,0,0,250,0,0
"Indiana","Gibson",1989,272,169,65,23,15,0,0,200,117,36,0,0,0,272,0,0
"Indiana","Hamilton",1989,207,117,55,26,9,0,0,195,122,48,0,0,207,0,0,0
"Indiana","Hancock",1989,197,126,47,20,4,0,0,172,108,45,0,0,197,0,0,0
"Indiana","Jasper",1989,365,309,52,4,0,0,0,121,57,24,0,0,0,336,0,29
"Indiana","Jefferson",1989,365,147,81,86,51,0,0,200,160,70,0,0,0,365,0,0
"Indiana","Knox",1989,365,151,147,59,8,0,0,200,110,56,0,0,113,247,0,5
"Indiana","LaPorte",1989,364,280,72,10,2,0,0,199,66,29,0,0,0,364,0,0
"Indiana","Lake",1989,365,110,176,67,11,1,0,203,115,68,5,42,97,140,0,81
"Indiana","Madison",1989,220,150,53,15,2,0,0,154,93,44,0,0,187,0,0,33
"Indiana","Marion",1989,365,43,191,117,14,0,0,200,132,85,2,13,80,264,0,6
"Indiana","Montgomery",1989,49,44,5,0,0,0,0,62,51,22,0,0,0,0,0,49
"Indiana","Morgan",1989,362,183,107,63,9,0,0,190,117,50,0,0,123,239,0,0
"Indiana","Pike",1989,365,185,83,70,27,0,0,200,141,49,0,0,0,365,0,0
"Indiana","Porter",1989,365,71,128,141,25,0,0,200,141,91,0,0,91,274,0,0
"Indiana","Posey",1989,358,225,94,37,2,0,0,192,101,36,0,6,9,341,0,2
"Indiana","Spencer",1989,333,116,132,76,9,0,0,200,119,67,0,10,0,320,0,3
"Indiana","St. Joseph",1989,364,254,89,19,2,0,0,166,87,40,31,0,157,133,0,43
"Indiana","Sullivan",1989,365,147,147,61,10,0,0,200,113,60,0,0,0,365,0,0
"Indiana","Tippecanoe",1989,365,257,90,17,1,0,0,164,84,40,29,0,190,129,0,17
"Indiana","Vanderburgh",1989,365,127,152,68,16,2,0,221,129,64,1,0,124,235,0,5
"Indiana","Vermillion",1989,221,176,37,7,1,0,0,186,59,28,0,0,0,54,0,167
"Indiana","Vigo",1989,365,161,140,56,8,0,0,200,108,57,0,0,64,237,0,64
"Indiana","Warrick",1989,364,60,67,115,122,0,0,200,198,121,0,0,42,322,0,0
"Indiana","Wayne",1989,248,87,68,71,22,0,0,200,144,67,0,0,0,248,0,0
"Iowa","Cerro Gordo",1989,161,119,42,0,0,0,0,84,62,34,0,0,0,0,0,161
"Iowa","Clinton",1989,364,196,42,80,46,0,0,200,161,43,0,0,0,285,0,79
"Iowa","Delaware",1989,45,44,1,0,0,0,0,56,28,16,0,0,0,0,0,45
"Iowa","Dubuque",1989,361,290,47,22,2,0,0,163,79,16,0,0,0,361,0,0
"Iowa","Johnson",1989,270,223,41,6,0,0,0,140,71,35,0,0,270,0,0,0
"Iowa","Lee",1989,365,278,76,11,0,0,0,130,74,24,0,0,0,365,0,0
"Iowa","Linn",1989,365,91,112,137,25,0,0,200,145,89,1,0,62,294,0,8
"Iowa","Muscatine",1989,355,243,57,45,10,0,0,200,113,20,0,0,0,355,0,0
"Iowa","Polk",1989,365,308,54,3,0,0,0,129,55,33,128,0,138,0,0,99
"Iowa","Scott",1989,365,236,95,27,7,0,0,200,95,44,0,0,239,118,0,8
"Iowa","Story",1989,365,323,23,13,6,0,0,182,54,7,0,0,0,365,0,0
"Iowa","Woodbury",1989,61,57,4,0,0,0,0,64,43,22,0,0,0,0,0,61
"Kansas","Cloud",1989,47,44,3,0,0,0,0,67,44,24,0,0,0,0,0,47
"Kansas","Ford",1989,42,39,3,0,0,0,0,60,44,20,0,0,0,0,0,42
"Kansas","Johnson",1989,34,32,2,0,0,0,0,59,44,32,0,0,0,0,0,34
"Kansas","Montgomery",1989,3,2,1,0,0,0,0,56,56,29,0,0,0,3,0,0
"Kansas","Neosho",1989,336,255,71,10,0,0,0,133,71,40,1,0,319,1,0,15
"Kansas","Sedgwick",1989,365,267,90,6,2,0,0,180,69,43,125,0,231,0,0,9
"Kansas","Shawnee",1989,46,36,10,0,0,0,0,58,54,37,0,0,0,0,0,46
"Kansas","Sherman",1989,40,37,3,0,0,0,0,69,47,21,0,0,0,0,0,40
"Kansas","Wyandotte",1989,365,271,82,11,0,1,0,201,69,38,24,8,118,108,0,107
"Kentucky","Bell",1989,61,47,14,0,0,0,0,68,54,34,0,0,0,0,0,61
"Kentucky","Boone",1989,213,140,48,23,2,0,0,159,108,44,0,0,213,0,0,0
"Kentucky","Boyd",1989,365,169,127,59,9,1,0,208,116,54,21,35,87,192,0,30
"Kentucky","Bullitt",1989,208,189,18,1,0,0,0,112,50,31,0,0,208,0,0,0
"Kentucky","Campbell",1989,365,210,114,32,7,2,0,208,102,47,0,113,113,134,0,5
"Kentucky","Daviess",1989,364,187,120,53,4,0,0,188,115,50,8,46,138,168,0,4
"Kentucky","Edmonson",1989,328,244,57,26,1,0,0,151,97,39,0,0,328,0,0,0
"Kentucky","Fayette",1989,365,216,115,20,13,1,0,203,100,46,8,140,164,53,0,0
"Kentucky","Greenup",1989,184,129,39,8,8,0,0,187,97,43,0,0,184,0,0,0
"Kentucky","Hancock",1989,211,110,68,27,6,0,0,195,108,49,0,0,211,0,0,0
"Kentucky","Henderson",1989,365,139,138,68,20,0,0,200,125,61,0,78,52,230,0,5
"Kentucky","Jefferson",1989,365,152,130,76,7,0,0,197,117,57,66,24,67,201,0,7
"Kentucky","Kenton",1989,364,282,54,19,9,0,0,187,84,31,198,0,166,0,0,0
"Kentucky","Lawrence",1989,55,52,3,0,0,0,0,62,46,27,0,0,0,0,0,55
"Kentucky","Livingston",1989,354,223,109,21,1,0,0,151,91,45,0,0,169,182,0,3
"Kentucky","Madison",1989,60,56,4,0,0,0,0,70,48,24,0,0,0,0,0,60
"Kentucky","McCracken",1989,365,188,115,58,4,0,0,167,112,50,9,68,110,178,0,0
"Kentucky","Muhlenberg",1989,359,232,90,35,2,0,0,185,102,34,0,0,0,359,0,0
"Kentucky","Ohio",1989,358,263,70,25,0,0,0,144,90,29,0,0,0,358,0,0
"Kentucky","Oldham",1989,212,142,56,12,2,0,0,174,93,44,0,0,212,0,0,0
"Kentucky","Perry",1989,60,47,13,0,0,0,0,64,56,39,0,0,0,0,0,60
"Kentucky","Pike",1989,57,46,11,0,0,0,0,85,53,37,0,0,0,0,0,57
"Louisiana","Beauregard",1989,248,220,24,4,0,0,0,133,51,33,0,0,248,0,0,0
"Louisiana","Bossier",1989,364,282,59,21,2,0,0,182,80,36,0,0,339,22,0,3
"Louisiana","Caddo",1989,361,287,54,18,2,0,0,182,74,37,0,0,351,0,0,10
"Louisiana","Calcasieu",1989,365,284,55,19,7,0,0,174,87,39,0,0,340,19,0,6
"Louisiana","East Baton Rouge",1989,365,221,102,31,8,3,0,220,105,44,1,93,194,74,0,3
"Louisiana","Grant",1989,343,282,53,7,1,0,0,159,67,34,0,0,343,0,0,0
"Louisiana","Iberville",1989,362,287,50,16,8,1,0,204,84,35,0,0,348,0,0,14
"Louisiana","Jefferson",1989,365,290,64,9,1,1,0,204,74,36,0,98,255,0,0,12
"Louisiana","Lafayette",1989,352,289,43,20,0,0,0,140,71,31,0,0,352,0,0,0
"Louisiana","Lafourche",1989,279,211,46,21,1,0,0,172,90,32,0,0,279,0,0,0
"Louisiana","Orleans",1989,365,274,89,1,1,0,0,182,64,39,34,193,117,0,0,21
"Louisiana","Ouachita",1989,26,24,2,0,0,0,0,55,42,22,0,0,0,0,0,26
"Louisiana","Pointe Coupee",1989,358,294,50,11,2,1,0,203,74,34,0,0,358,0,0,0
"Louisiana","Rapides",1989,26,25,1,0,0,0,0,53,39,23,0,0,0,0,0,26
"Louisiana","St. Bernard",1989,365,288,68,9,0,0,0,129,74,35,0,0,284,81,0,0
"Louisiana","St. James",1989,354,286,51,14,3,0,0,192,74,31,0,0,354,0,0,0
"Louisiana","St. John the Baptist",1989,357,297,51,8,1,0,0,156,67,31,0,0,357,0,0,0
"Louisiana","St. Mary",1989,344,290,45,8,1,0,0,151,58,29,0,0,344,0,0,0
"Louisiana","West Baton Rouge",1989,360,230,88,34,7,1,0,210,102,43,0,81,154,119,0,6
"Maine","Androscoggin",1989,336,281,49,6,0,0,0,111,64,23,0,0,0,336,0,0
"Maine","Aroostook",1989,365,202,100,58,5,0,0,181,114,46,0,0,46,239,0,80
"Maine","Cumberland",1989,365,256,94,7,7,1,0,221,79,42,8,0,177,152,0,28
"Maine","Franklin",1989,152,149,3,0,0,0,0,57,35,18,0,0,0,0,0,152
"Maine","Hancock",1989,313,252,52,6,2,1,0,203,71,37,0,0,262,8,43,0
"Maine","Kennebec",1989,254,199,39,13,3,0,0,187,84,40,0,0,214,18,0,22
"Maine","Knox",1989,249,210,25,8,4,2,0,210,74,34,0,0,193,0,0,56
"Maine","Oxford",1989,365,127,130,101,7,0,0,180,123,71,0,0,0,340,0,25
"Maine","Penobscot",1989,365,229,117,18,1,0,0,183,87,39,0,0,0,304,0,61
"Maine","Somerset",1989,58,58,0,0,0,0,0,36,26,14,0,0,0,0,0,58
"Maine","Waldo",1989,303,257,40,5,1,0,0,158,56,19,0,0,0,303,0,0
"Maine","Washington",1989,229,209,14,5,1,0,0,161,49,26,0,0,117,0,0,112
"Maine","York",1989,350,262,70,9,5,4,0,221,71,39,0,0,135,208,0,7
"Maryland","Allegany",1989,365,289,71,5,0,0,0,119,64,36,31,0,144,190,0,0
"Maryland","Anne Arundel",1989,365,199,115,40,10,1,0,207,112,47,0,85,195,85,0,0
"Maryland","Baltimore",1989,365,161,160,36,7,1,0,215,105,54,4,95,118,147,0,1
"Maryland","Baltimore (City)",1989,365,144,190,26,5,0,0,190,93,54,43,173,52,88,0,9
"Maryland","Carroll",1989,249,160,56,24,9,0,0,185,112,42,0,0,249,0,0,0
"Maryland","Charles",1989,333,256,54,21,2,0,0,156,90,34,0,0,333,0,0,0
"Maryland","Frederick",1989,58,44,14,0,0,0,0,80,57,37,0,0,0,0,0,58
"Maryland","Harford",1989,274,198,35,27,13,1,0,239,122,31,0,0,274,0,0,0
"Maryland","Kent",1989,122,77,23,14,7,1,0,210,119,41,0,0,122,0,0,0
"Maryland","Montgomery",1989,365,275,69,18,2,1,0,202,80,36,132,0,233,0,0,0
"Maryland","Prince George's",1989,365,241,79,32,12,1,0,210,112,41,102,0,263,0,0,0
"Massachusetts","Barnstable",1989,193,120,44,21,6,2,0,212,122,44,0,0,193,0,0,0
"Massachusetts","Berkshire",1989,164,132,25,7,0,0,0,150,74,43,0,0,164,0,0,0
"Massachusetts","Bristol",1989,365,122,156,67,17,3,0,214,126,66,0,0,115,250,0,0
"Massachusetts","Essex",1989,365,133,152,75,4,1,0,201,115,64,0,0,109,256,0,0
"Massachusetts","Hampden",1989,365,160,161,37,7,0,0,195,104,56,35,76,105,148,0,1
"Massachusetts","Hampshire",1989,365,206,110,39,7,3,0,230,108,46,0,15,242,108,0,0
"Massachusetts","Middlesex",1989,365,204,134,21,4,2,0,203,93,47,34,0,157,173,0,1
"Massachusetts","Norfolk",1989,365,234,119,12,0,0,0,116,75,44,0,270,0,95,0,0
"Massachusetts","Plymouth",1989,203,137,45,12,7,2,0,210,101,42,0,0,203,0,0,0
"Massachusetts","Suffolk",1989,365,88,232,42,3,0,0,197,103,68,3,144,23,194,0,1
"Massachusetts","Worcester",1989,365,233,118,12,2,0,0,177,72,46,6,172,100,86,0,1
"Michigan","Bay",1989,305,211,45,46,3,0,0,175,116,21,0,0,0,296,0,9
"Michigan","Calhoun",1989,52,44,8,0,0,0,0,63,54,28,0,0,0,0,0,52
"Michigan","Clinton",1989,210,146,48,14,2,0,0,185,93,44,0,0,210,0,0,0
"Michigan","Delta",1989,223,172,14,16,21,0,0,200,130,14,0,0,0,223,0,0
"Michigan","Dickinson",1989,365,309,46,8,2,0,0,156,64,38,0,20,327,12,0,6
"Michigan","Genesee",1989,364,284,66,12,2,0,0,200,77,33,0,0,206,143,0,15
"Michigan","Houghton",1989,84,80,2,2,0,0,0,143,46,32,0,0,84,0,0,0
"Michigan","Ingham",1989,218,162,41,14,1,0,0,177,93,40,0,0,204,0,0,14
"Michigan","Kent",1989,365,270,54,26,13,2,0,222,105,35,79,9,198,64,0,15
"Michigan","Keweenaw",1989,57,50,7,0,0,0,0,69,59,17,0,0,0,0,57,0
"Michigan","Macomb",1989,365,265,68,20,11,1,0,203,90,37,62,0,167,136,0,0
"Michigan","Marquette",1989,238,224,10,4,0,0,0,134,41,14,0,0,0,191,0,47
"Michigan","Mason",1989,29,23,6,0,0,0,0,79,66,30,0,0,0,0,0,29
"Michigan","Midland",1989,365,362,3,0,0,0,0,56,35,22,0,344,0,0,0,21
"Michigan","Monroe",1989,47,41,6,0,0,0,0,62,53,30,0,0,0,0,0,47
"Michigan","Montmorency",1989,62,61,1,0,0,0,0,53,32,16,0,0,0,0,0,62
"Michigan","Muskegon",1989,222,137,51,18,12,4,0,236,122,44,0,0,202,0,0,20
"Michigan","Oakland",1989,362,302,40,11,8,1,0,201,77,27,176,0,186,0,0,0
"Michigan","Ottawa",1989,236,160,40,28,6,2,0,221,112,43,0,0,206,0,0,30
"Michigan","Saginaw",1989,365,335,30,0,0,0,0,94,48,20,81,0,0,0,0,284
"Michigan","St. Clair",1989,352,218,72,50,11,1,0,215,119,39,0,0,144,208,0,0
"Michigan","Washtenaw",1989,213,143,47,20,3,0,0,172,105,44,0,0,213,0,0,0
"Michigan","Wayne",1989,365,70,178,113,3,1,0,201,122,76,5,30,48,259,0,23
"Minnesota","Anoka",1989,365,297,47,19,2,0,0,164,80,36,0,0,365,0,0,0
"Minnesota","Beltrami",1989,184,175,9,0,0,0,0,77,44,25,0,0,184,0,0,0
"Minnesota","Carlton",1989,307,300,7,0,0,0,0,58,32,11,63,157,0,20,0,67
"Minnesota","Dakota",1989,365,135,128,99,3,0,0,184,123,64,0,0,119,246,0,0
"Minnesota","Hennepin",1989,365,160,195,10,0,0,0,143,80,53,277,70,0,6,0,12
"Minnesota","Hubbard",1989,29,27,2,0,0,0,0,59,46,15,0,0,0,0,0,29
"Minnesota","Koochiching",1989,220,215,5,0,0,0,0,77,40,27,0,0,191,0,0,29
"Minnesota","Lake",1989,141,107,31,3,0,0,0,119,77,41,0,0,122,0,0,19
"Minnesota","Olmsted",1989,364,298,63,3,0,0,0,118,59,38,296,0,0,60,0,8
"Minnesota","Ramsey",1989,365,199,156,8,2,0,0,170,69,49,243,2,0,28,0,92
"Minnesota","Saint Louis",1989,365,294,68,3,0,0,0,126,60,40,257,0,83,6,15,4
"Minnesota","Sherburne",1989,365,364,1,0,0,0,0,65,29,9,0,0,0,320,0,45
"Minnesota","Stearns",1989,365,344,21,0,0,0,0,92,42,23,336,0,0,0,0,29
"Minnesota","Washington",1989,361,211,91,57,2,0,0,181,110,44,0,0,132,229,0,0
"Minnesota","Wright",1989,364,361,3,0,0,0,0,73,33,17,0,294,0,70,0,0
"Mississippi","Adams",1989,269,224,43,1,1,0,0,192,64,34,0,0,269,0,0,0
"Mississippi","DeSoto",1989,272,219,45,7,1,0,0,179,74,39,0,0,272,0,0,0
"Mississippi","Hancock",1989,259,164,66,25,4,0,0,190,105,45,0,0,259,0,0,0
"Mississippi","Harrison",1989,349,298,38,12,1,0,0,161,70,9,0,0,0,349,0,0
"Mississippi","Hinds",1989,363,318,44,1,0,0,0,101,54,30,140,0,213,0,0,10
"Mississippi","Jackson",1989,349,268,67,13,1,0,0,154,80,35,0,0,251,98,0,0
"Mississippi","Lamar",1989,272,234,37,1,0,0,0,101,58,35,0,0,272,0,0,0
"Mississippi","Lauderdale",1989,224,189,34,1,0,0,0,122,58,37,0,0,224,0,0,0
"Mississippi","Lee",1989,137,112,24,1,0,0,0,105,61,39,0,0,137,0,0,0
"Mississippi","Madison",1989,263,213,44,5,1,0,0,159,67,37,0,0,263,0,0,0
"Mississippi","Warren",1989,271,197,60,13,0,1,0,207,80,42,0,0,271,0,0,0
"Missouri","Audrain",1989,50,49,1,0,0,0,0,52,38,19,0,0,0,0,0,50
"Missouri","Boone",1989,285,211,43,26,5,0,0,200,107,23,0,0,0,251,0,34
"Missouri","Buchanan",1989,365,267,84,13,1,0,0,180,66,32,0,0,0,149,0,216
"Missouri","Cape Girardeau",1989,274,141,56,66,11,0,0,200,129,49,0,0,0,274,0,0
"Missouri","Clay",1989,365,252,96,16,1,0,0,161,80,44,23,87,239,16,0,0
"Missouri","Greene",1989,365,179,86,66,34,0,0,200,147,52,16,34,167,144,0,4
"Missouri","Iron",1989,359,336,10,5,8,0,0,200,31,0,0,0,0,359,0,0
"Missouri","Jackson",1989,365,286,68,8,3,0,0,161,66,38,62,0,249,29,0,25
"Missouri","Jefferson",1989,364,182,80,68,34,0,0,200,147,51,0,0,155,200,0,9
"Missouri","Marion",1989,41,41,0,0,0,0,0,44,36,22,0,0,0,0,0,41
"Missouri","Monroe",1989,317,255,54,8,0,0,0,129,71,36,0,0,270,47,0,0
"Missouri","Platte",1989,365,326,35,4,0,0,0,140,54,34,0,88,262,15,0,0
"Missouri","Saint Charles",1989,362,181,129,43,8,1,0,202,109,51,0,28,144,190,0,0
"Missouri","Saint Louis",1989,365,53,190,101,19,2,0,220,133,82,1,30,81,251,0,2
"Missouri","St. Louis City",1989,365,102,187,69,7,0,0,169,113,66,9,55,46,254,0,1
"Montana","Broadwater",1989,12,12,0,0,0,0,0,16,16,7,0,0,0,0,0,12
"Montana","Cascade",1989,346,320,26,0,0,0,0,92,43,24,326,0,0,0,0,20
"Montana","Deer Lodge",1989,70,70,0,0,0,0,0,36,27,12,0,0,0,0,0,70
"Montana","Fergus",1989,39,36,3,0,0,0,0,89,47,8,0,0,0,0,0,39
"Montana","Flathead",1989,363,303,57,3,0,0,0,132,55,37,0,0,172,0,23,168
"Montana","Gallatin",1989,55,54,1,0,0,0,0,91,30,19,0,0,0,0,0,55
"Montana","Jefferson",1989,364,272,54,29,9,0,0,200,103,14,0,0,0,319,0,45
"Montana","Lake",1989,364,336,27,1,0,0,0,119,44,21,0,0,0,0,0,364
"Montana","Lewis and Clark",1989,365,123,110,89,43,0,0,200,165,69,0,0,0,305,0,60
"Montana","Lincoln",1989,330,180,141,9,0,0,0,150,80,47,0,0,0,0,0,330
"Montana","Madison",1989,44,38,5,1,0,0,0,137,52,19,0,0,0,0,0,44
"Montana","Missoula",1989,365,233,123,8,1,0,0,151,73,45,250,20,0,0,0,95
"Montana","Park",1989,66,52,8,2,0,0,4,1292,100,17,0,0,0,0,0,66
"Montana","Roosevelt",1989,167,166,1,0,0,0,0,90,6,0,0,0,0,167,0,0
"Montana","Rosebud",1989,365,343,17,5,0,0,0,128,44,22,0,174,0,114,0,77
"Montana","Sanders",1989,340,290,49,1,0,0,0,133,56,27,0,0,0,0,0,340
"Montana","Silver Bow",1989,341,300,40,1,0,0,0,102,52,19,0,0,0,0,0,341
"Montana","Stillwater",1989,50,49,1,0,0,0,0,53,22,10,0,0,0,0,0,50
"Montana","Sweet Grass",1989,46,46,0,0,0,0,0,26,16,6,0,0,0,0,0,46
"Montana","Yellowstone",1989,365,10,51,234,70,0,0,200,168,124,0,0,2,363,0,0
"Nebraska","Adams",1989,53,48,5,0,0,0,0,59,50,33,0,0,0,0,0,53
"Nebraska","Buffalo",1989,60,49,11,0,0,0,0,69,58,29,0,0,0,0,0,60
"Nebraska","Cass",1989,176,141,35,0,0,0,0,94,55,35,0,0,0,0,0,176
"Nebraska","Douglas",1989,365,241,114,10,0,0,0,136,80,43,42,0,247,2,0,74
"Nebraska","Lancaster",1989,365,323,42,0,0,0,0,94,51,36,197,0,148,0,0,20
"Nebraska","Otoe",1989,60,56,4,0,0,0,0,56,47,27,0,0,0,0,0,60
"Nebraska","Scotts Bluff",1989,39,28,11,0,0,0,0,89,59,29,0,0,0,0,0,39
"Nevada","Carson City",1989,267,241,24,2,0,0,0,115,50,33,33,0,234,0,0,0
"Nevada","Clark",1989,365,58,234,69,3,1,0,207,116,74,93,92,150,0,0,30
"Nevada","Douglas",1989,354,312,41,1,0,0,0,101,54,34,94,0,245,0,0,15
"Nevada","Elko",1989,78,77,1,0,0,0,0,53,24,11,0,0,0,0,78,0
"Nevada","Lander",1989,42,36,6,0,0,0,0,66,56,32,0,0,0,0,0,42
"Nevada","Washoe",1989,357,197,141,18,1,0,0,159,90,48,165,0,163,0,0,29
"New Hampshire","Cheshire",1989,55,31,22,2,0,0,0,104,84,47,0,0,0,55,0,0
"New Hampshire","Coos",1989,365,125,172,61,7,0,0,198,116,59,0,0,0,273,0,92
"New Hampshire","Hillsborough",1989,365,202,134,27,2,0,0,187,97,47,17,96,121,130,0,1
"New Hampshire","Merrimack",1989,365,179,93,81,11,1,0,201,124,51,0,0,107,247,0,11
"New Hampshire","Rockingham",1989,365,251,85,20,7,2,0,224,93,41,0,0,161,202,0,2
"New Hampshire","Sullivan",1989,61,46,12,3,0,0,0,113,59,27,0,0,0,61,0,0
"New Jersey","Atlantic",1989,360,257,70,20,12,1,0,209,100,38,0,0,281,62,0,17
"New Jersey","Bergen",1989,365,161,172,23,9,0,0,200,99,53,39,195,41,86,0,4
"New Jersey","Burlington",1989,365,226,102,23,10,4,0,224,101,44,57,0,201,107,0,0
"New Jersey","Camden",1989,365,165,130,34,30,6,0,220,147,54,8,69,176,111,0,1
"New Jersey","Cumberland",1989,351,237,75,23,11,5,0,221,105,40,0,0,228,123,0,0
"New Jersey","Essex",1989,365,170,160,32,3,0,0,187,97,52,4,234,43,79,0,5
"New Jersey","Gloucester",1989,364,237,81,26,18,2,0,217,115,43,0,0,221,142,0,1
"New Jersey","Hudson",1989,365,125,193,33,13,1,0,220,105,58,75,96,73,118,0,3
"New Jersey","Hunterdon",1989,346,260,42,25,16,3,0,207,122,33,0,0,346,0,0,0
"New Jersey","Mercer",1989,365,241,86,21,13,4,0,215,101,43,19,0,207,135,0,4
"New Jersey","Middlesex",1989,363,245,85,19,9,5,0,204,93,41,54,0,165,129,0,15
"New Jersey","Monmouth",1989,364,273,49,27,9,6,0,215,105,33,190,0,174,0,0,0
"New Jersey","Morris",1989,365,216,108,25,14,2,0,219,111,47,102,31,170,62,0,0
"New Jersey","Ocean",1989,364,352,12,0,0,0,0,66,41,25,364,0,0,0,0,0
"New Jersey","Passaic",1989,61,55,6,0,0,0,0,61,48,27,0,0,0,0,0,61
"New Jersey","Union",1989,365,119,198,44,4,0,0,195,103,61,53,159,47,105,0,1
"New Mexico","Bernalillo",1989,365,130,209,24,2,0,0,186,95,58,105,42,191,0,0,27
"New Mexico","Chaves",1989,7,7,0,0,0,0,0,41,41,35,0,0,0,0,0,7
"New Mexico","Dona Ana",1989,365,79,132,91,63,0,0,200,173,81,28,0,82,189,0,66
"New Mexico","Eddy",1989,365,185,107,65,8,0,0,200,112,47,0,80,0,285,0,0
"New Mexico","Grant",1989,365,235,68,48,14,0,0,200,116,29,0,0,0,277,0,88
"New Mexico","Hidalgo",1989,356,225,76,43,12,0,0,200,116,29,0,0,0,349,0,7
"New Mexico","Lea",1989,8,8,0,0,0,0,0,30,30,28,0,0,0,0,0,8
"New Mexico","Los Alamos",1989,154,154,0,0,0,0,0,46,38,28,0,0,85,0,69,0
"New Mexico","Luna",1989,23,23,0,0,0,0,0,46,43,27,0,0,0,0,0,23
"New Mexico","McKinley",1989,3,3,0,0,0,0,0,48,48,48,0,0,0,0,0,3
"New Mexico","San Juan",1989,365,172,139,49,5,0,0,198,107,56,52,10,0,300,0,3
"New Mexico","Sandoval",1989,339,231,104,4,0,0,0,140,74,44,0,0,288,0,0,51
"New Mexico","Santa Fe",1989,346,346,0,0,0,0,0,45,26,17,290,0,0,0,0,56
"New Mexico","Taos",1989,41,30,11,0,0,0,0,76,58,36,0,0,0,0,0,41
"New Mexico","Valencia",1989,310,239,66,5,0,0,0,108,61,42,0,0,310,0,0,0
"New York","Albany",1989,360,262,78,20,0,0,0,150,84,41,0,0,204,152,0,4
"New York","Bronx",1989,344,194,125,24,1,0,0,162,95,44,0,0,0,329,0,15
"New York","Chautauqua",1989,354,189,91,71,3,0,0,200,117,47,0,0,0,354,0,0
"New York","Chemung",1989,285,240,38,6,1,0,0,169,59,32,0,0,193,92,0,0
"New York","Dutchess",1989,348,279,52,16,1,0,0,151,71,33,0,0,201,147,0,0
"New York","Erie",1989,365,105,124,100,35,1,0,207,150,75,5,54,45,260,0,1
"New York","Essex",1989,363,250,85,22,6,0,0,174,93,43,0,0,361,2,0,0
"New York","Franklin",1989,51,51,0,0,0,0,0,46,27,14,0,0,0,0,0,51
"New York","Greene",1989,55,52,3,0,0,0,0,55,44,25,0,0,0,0,0,55
"New York","Jefferson",1989,243,172,48,12,10,1,0,201,97,42,0,0,243,0,0,0
"New York","Kings",1989,363,98,236,22,6,1,0,201,97,62,174,0,44,143,0,2
"New York","Monroe",1989,364,119,140,97,8,0,0,187,121,72,10,0,81,271,0,2
"New York","Nassau",1989,276,170,102,4,0,0,0,105,76,46,19,219,0,38,0,0
"New York","New York",1989,364,7,248,86,14,9,0,212,129,83,129,67,63,102,0,3
"New York","Niagara",1989,365,147,134,82,2,0,0,200,116,60,4,0,142,216,0,3
"New York","Oneida",1989,345,303,33,9,0,0,0,143,61,34,0,0,345,0,0,0
"New York","Onondaga",1989,365,260,88,15,2,0,0,166,75,41,114,0,208,24,0,19
"New York","Orange",1989,26,26,0,0,0,0,0,45,36,26,0,0,0,0,0,26
"New York","Queens",1989,363,201,133,29,0,0,0,149,95,46,40,0,83,235,0,5
"New York","Richmond",1989,345,196,109,26,13,1,0,206,105,47,0,0,132,208,0,5
"New York","Saratoga",1989,355,309,34,10,2,0,0,169,61,33,0,0,355,0,0,0
"New York","Schenectady",1989,364,309,45,8,2,0,0,174,64,31,28,0,274,62,0,0
"New York","Suffolk",1989,337,184,120,19,10,4,0,209,100,47,0,0,187,150,0,0
"New York","Ulster",1989,30,29,1,0,0,0,0,53,43,26,0,0,0,0,0,30
"New York","Warren",1989,321,301,20,0,0,0,0,91,41,14,0,0,0,321,0,0
"New York","Wayne",1989,357,307,35,11,4,0,0,174,67,32,0,0,357,0,0,0
"New York","Westchester",1989,337,297,22,11,7,0,0,179,58,28,0,0,320,0,0,17
"North Carolina","Beaufort",1989,347,333,11,1,2,0,0,200,36,7,0,0,0,347,0,0
"North Carolina","Brunswick",1989,107,102,5,0,0,0,0,57,41,19,0,0,0,0,0,107
"North Carolina","Buncombe",1989,232,188,39,5,0,0,0,143,74,39,0,0,202,0,0,30
"North Carolina","Caldwell",1989,211,121,73,17,0,0,0,136,93,48,0,0,211,0,0,0
"North Carolina","Camden",1989,233,149,76,8,0,0,0,126,84,44,0,0,181,52,0,0
"North Carolina","Chatham",1989,346,211,95,39,1,0,0,174,101,44,0,0,156,190,0,0
"North Carolina","Columbus",1989,352,321,27,4,0,0,0,136,50,10,0,0,0,352,0,0
"North Carolina","Cumberland",1989,365,234,81,45,5,0,0,174,112,43,145,0,208,0,0,12
"North Carolina","Durham",1989,365,295,68,2,0,0,0,145,59,33,350,0,0,0,0,15
"North Carolina","Forsyth",1989,365,184,149,30,2,0,0,164,100,50,101,14,177,70,0,3
"North Carolina","Granville",1989,209,113,63,26,6,1,0,203,119,49,0,0,209,0,0,0
"North Carolina","Guilford",1989,356,248,89,17,2,0,0,151,90,41,20,0,207,111,0,18
"North Carolina","Martin",1989,363,297,59,7,0,0,0,133,64,27,0,0,209,154,0,0
"North Carolina","Mecklenburg",1989,365,200,112,43,10,0,0,192,115,49,166,17,178,0,0,4
"North Carolina","New Hanover",1989,60,58,2,0,0,0,0,55,37,23,0,0,0,0,0,60
"North Carolina","Person",1989,357,278,72,7,0,0,0,143,71,32,0,0,185,172,0,0
"North Carolina","Pitt",1989,210,123,66,19,2,0,0,159,101,47,0,0,210,0,0,0
"North Carolina","Wake",1989,365,217,110,30,8,0,0,185,101,47,182,7,174,0,0,2
"North Dakota","Billings",1989,365,362,3,0,0,0,0,74,16,6,0,0,0,344,0,21
"North Dakota","Burke",1989,344,343,1,0,0,0,0,51,14,4,0,30,0,303,0,11
"North Dakota","Burleigh",1989,60,59,1,0,0,0,0,56,34,16,0,0,0,0,0,60
"North Dakota","Cass",1989,61,61,0,0,0,0,0,46,34,16,0,0,0,0,0,61
"North Dakota","Dunn",1989,365,364,1,0,0,0,0,62,8,0,0,1,0,364,0,0
"North Dakota","Grand Forks",1989,34,34,0,0,0,0,0,49,44,19,0,0,0,0,0,34
"North Dakota","McKenzie",1989,365,288,67,10,0,0,0,138,71,38,0,0,167,198,0,0
"North Dakota","Mercer",1989,365,229,110,24,2,0,0,169,87,44,0,10,178,177,0,0
"North Dakota","Oliver",1989,365,316,44,5,0,0,0,111,61,32,0,7,173,185,0,0
"North Dakota","Stark",1989,30,30,0,0,0,0,0,31,31,19,0,0,0,0,0,30
"North Dakota","Williams",1989,365,221,69,50,25,0,0,200,128,27,0,0,0,354,0,11
"Ohio","Adams",1989,365,179,110,67,9,0,0,200,115,51,0,0,0,350,0,15
"Ohio","Allen",1989,356,268,68,15,5,0,0,174,80,37,0,0,198,158,0,0
"Ohio","Ashtabula",1989,365,233,93,29,10,0,0,200,105,44,0,0,157,208,0,0
"Ohio","Belmont",1989,365,53,274,37,1,0,0,161,103,66,0,0,0,360,0,5
"Ohio","Butler",1989,363,176,129,52,6,0,0,187,107,54,0,0,110,235,0,18
"Ohio","Clark",1989,364,240,87,28,6,3,0,227,101,43,0,0,196,168,0,0
"Ohio","Clermont",1989,348,182,116,44,6,0,0,177,110,50,0,0,154,194,0,0
"Ohio","Clinton",1989,204,124,51,24,4,1,0,205,115,48,0,0,204,0,0,0
"Ohio","Columbiana",1989,365,128,198,34,5,0,0,188,103,62,0,0,0,348,0,17
"Ohio","Cuyahoga",1989,365,34,161,155,15,0,0,188,132,100,2,20,27,302,0,14
"Ohio","Franklin",1989,365,219,109,30,7,0,0,182,101,44,63,0,141,143,0,18
"Ohio","Greene",1989,233,229,4,0,0,0,0,59,27,13,173,0,0,0,0,60
"Ohio","Hamilton",1989,365,92,161,89,22,1,0,205,137,75,6,70,72,192,0,25
"Ohio","Jefferson",1989,365,46,160,122,37,0,0,200,151,94,11,9,23,292,0,30
"Ohio","Knox",1989,208,133,59,14,2,0,0,159,97,45,0,0,208,0,0,0
"Ohio","Lake",1989,365,130,134,86,15,0,0,200,129,66,17,0,109,237,0,2
"Ohio","Lawrence",1989,325,238,71,16,0,0,0,147,79,35,0,0,0,158,0,167
"Ohio","Lorain",1989,365,191,138,31,4,1,0,205,100,49,0,0,129,230,0,6
"Ohio","Lucas",1989,365,225,99,31,9,1,0,209,103,43,57,0,128,170,0,10
"Ohio","Mahoning",1989,365,210,126,22,7,0,0,164,100,47,0,0,112,176,0,77
"Ohio","Medina",1989,204,139,39,17,9,0,0,190,108,41,0,0,204,0,0,0
"Ohio","Meigs",1989,351,223,74,40,14,0,0,200,114,31,0,0,0,351,0,0
"Ohio","Montgomery",1989,365,293,61,10,1,0,0,156,67,36,100,0,160,85,0,20
"Ohio","Morgan",1989,142,83,22,26,11,0,0,200,134,43,0,0,0,142,0,0
"Ohio","Noble",1989,129,79,26,17,7,0,0,200,139,35,0,0,0,85,0,44
"Ohio","Pickaway",1989,365,296,58,11,0,0,0,136,62,29,0,109,0,256,0,0
"Ohio","Portage",1989,213,131,53,21,8,0,0,200,115,45,0,0,213,0,0,0
"Ohio","Preble",1989,210,130,46,28,6,0,0,187,112,46,0,0,210,0,0,0
"Ohio","Sandusky",1989,20,19,1,0,0,0,0,52,48,21,0,0,0,0,0,20
"Ohio","Scioto",1989,358,284,62,12,0,0,0,143,64,34,0,0,0,140,0,218
"Ohio","Stark",1989,365,198,127,34,6,0,0,197,104,48,4,0,162,169,0,30
"Ohio","Summit",1989,365,74,170,105,13,3,0,213,122,81,3,0,82,278,0,2
"Ohio","Trumbull",1989,289,228,56,4,1,0,0,154,62,29,0,0,0,250,0,39
"Ohio","Tuscarawas",1989,316,134,112,68,2,0,0,169,115,61,0,0,0,316,0,0
"Ohio","Warren",1989,212,112,61,26,12,1,0,202,133,50,0,0,212,0,0,0
"Ohio","Wyandot",1989,17,17,0,0,0,0,0,40,39,26,0,0,0,0,0,17
"Oklahoma","Carter",1989,33,33,0,0,0,0,0,45,38,24,0,0,0,0,0,33
"Oklahoma","Cleveland",1989,365,267,90,8,0,0,0,126,71,42,2,107,250,0,0,6
"Oklahoma","Comanche",1989,356,338,18,0,0,0,0,70,43,21,0,0,0,256,0,100
"Oklahoma","Garvin",1989,345,317,26,2,0,0,0,114,49,29,0,0,0,345,0,0
"Oklahoma","Kay",1989,365,158,74,77,56,0,0,200,168,66,0,85,0,279,0,1
"Oklahoma","Mayes",1989,25,25,0,0,0,0,0,42,40,27,0,0,0,0,0,25
"Oklahoma","McClain",1989,364,313,46,5,0,0,0,115,58,38,0,0,364,0,0,0
"Oklahoma","Muskogee",1989,349,306,39,4,0,0,0,143,52,26,0,104,0,233,0,12
"Oklahoma","Oklahoma",1989,365,212,128,21,4,0,0,164,93,48,49,69,244,0,0,3
"Oklahoma","Tulsa",1989,365,123,170,66,6,0,0,200,115,62,11,67,145,132,0,10
"Oklahoma","Woodward",1989,30,29,1,0,0,0,0,58,45,23,0,0,0,0,0,30
"Oregon","Clackamas",1989,246,229,15,2,0,0,0,133,48,31,0,0,215,15,0,16
"Oregon","Columbia",1989,194,187,7,0,0,0,0,100,45,31,0,0,194,0,0,0
"Oregon","Deschutes",1989,214,131,83,0,0,0,0,95,69,41,114,0,0,0,0,100
"Oregon","Jackson",1989,363,144,196,23,0,0,0,148,94,54,222,0,48,0,0,93
"Oregon","Josephine",1989,245,122,122,1,0,0,0,103,79,51,202,0,0,0,0,43
"Oregon","Klamath",1989,245,119,80,36,7,3,0,290,125,51,55,0,0,0,31,159
"Oregon","Lane",1989,364,286,77,1,0,0,0,106,62,37,97,0,121,0,0,146
"Oregon","Linn",1989,33,29,4,0,0,0,0,67,52,27,0,0,0,0,0,33
"Oregon","Marion",1989,110,101,9,0,0,0,0,65,48,22,110,0,0,0,0,0
"Oregon","Multnomah",1989,365,203,157,5,0,0,0,126,71,48,298,8,0,51,0,8
"Oregon","Umatilla",1989,58,48,10,0,0,0,0,74,56,31,0,0,0,0,0,58
"Oregon","Union",1989,336,260,74,2,0,0,0,135,61,32,0,0,0,0,0,336
"Pennsylvania","Allegheny",1989,365,23,99,181,59,3,0,213,169,111,0,6,35,323,0,1
"Pennsylvania","Beaver",1989,365,69,129,124,43,0,0,200,159,92,0,7,80,277,0,1
"Pennsylvania","Berks",1989,365,193,121,38,13,0,0,179,112,49,4,99,125,137,0,0
"Pennsylvania","Blair",1989,363,220,127,14,2,0,0,172,87,45,0,0,186,172,0,5
"Pennsylvania","Bucks",1989,365,238,88,24,11,4,0,209,101,44,8,212,143,0,0,2
"Pennsylvania","Cambria",1989,364,145,179,38,2,0,0,164,101,56,3,46,92,214,0,9
"Pennsylvania","Dauphin",1989,365,238,99,19,9,0,0,169,94,43,17,129,154,62,0,3
"Pennsylvania","Delaware",1989,365,208,111,29,17,0,0,200,108,46,0,0,186,176,0,3
"Pennsylvania","Erie",1989,365,145,144,63,11,2,0,205,125,59,15,20,100,221,0,9
"Pennsylvania","Lackawanna",1989,365,202,141,16,6,0,0,192,82,48,0,133,151,81,0,0
"Pennsylvania","Lancaster",1989,365,270,76,18,1,0,0,166,77,39,2,122,157,77,0,7
"Pennsylvania","Lawrence",1989,365,206,112,44,3,0,0,169,104,46,3,52,126,162,0,22
"Pennsylvania","Lehigh",1989,365,268,70,21,6,0,0,166,80,41,17,191,154,0,0,3
"Pennsylvania","Luzerne",1989,365,238,107,18,2,0,0,161,85,44,24,62,187,91,0,1
"Pennsylvania","Lycoming",1989,365,330,31,4,0,0,0,122,50,33,0,0,207,141,0,17
"Pennsylvania","Mercer",1989,360,190,138,26,5,1,0,201,100,50,0,0,177,165,0,18
"Pennsylvania","Montgomery",1989,362,294,43,17,7,1,0,201,74,31,73,0,275,0,0,14
"Pennsylvania","Northampton",1989,365,222,112,23,8,0,0,164,95,44,6,0,187,169,0,3
"Pennsylvania","Perry",1989,363,299,54,9,1,0,0,154,67,36,0,28,277,55,0,3
"Pennsylvania","Philadelphia",1989,365,57,226,72,9,1,0,203,112,69,28,100,57,178,0,2
"Pennsylvania","Warren",1989,356,207,117,31,1,0,0,158,96,46,0,0,0,356,0,0
"Pennsylvania","Washington",1989,365,100,200,59,6,0,0,179,112,66,1,44,82,238,0,0
"Pennsylvania","Westmoreland",1989,52,40,12,0,0,0,0,80,59,32,0,0,0,0,0,52
"Pennsylvania","York",1989,365,237,97,27,4,0,0,164,96,43,4,140,139,76,0,6
"Puerto Rico","Bayamon",1989,297,273,22,2,0,0,0,123,44,13,0,0,0,257,0,40
"Puerto Rico","Fajardo",1989,27,25,2,0,0,0,0,59,43,16,0,0,0,0,0,27
"Puerto Rico","Florida",1989,16,16,0,0,0,0,0,44,32,27,0,0,16,0,0,0
"Puerto Rico","Guayama",1989,46,42,4,0,0,0,0,66,44,20,0,0,0,0,0,46
"Puerto Rico","Guaynabo",1989,36,30,6,0,0,0,0,75,60,35,0,0,0,0,0,36
"Puerto Rico","Ponce",1989,54,43,11,0,0,0,0,83,60,38,0,0,0,0,0,54
"Puerto Rico","San Juan",1989,335,261,74,0,0,0,0,78,56,40,283,0,0,0,0,52
"Puerto Rico","Toa Baja",1989,50,50,0,0,0,0,0,44,29,25,0,0,50,0,0,0
"Puerto Rico","Yabucoa",1989,294,292,1,0,1,0,0,163,7,0,0,0,0,294,0,0
"Rhode Island","Kent",1989,162,95,48,12,6,1,0,219,108,47,0,0,162,0,0,0
"Rhode Island","Providence",1989,365,201,135,27,2,0,0,159,94,49,42,78,64,175,0,6
"South Carolina","Aiken",1989,309,271,34,4,0,0,0,122,58,31,0,22,237,38,0,12
"South Carolina","Barnwell",1989,308,246,49,13,0,0,0,150,77,33,0,37,231,28,0,12
"South Carolina","Berkeley",1989,345,259,61,22,3,0,0,179,84,38,0,0,345,0,0,0
"South Carolina","Charleston",1989,342,286,44,11,1,0,0,156,64,28,115,0,126,74,0,27
"South Carolina","Cherokee",1989,358,262,77,18,1,0,0,174,90,39,0,0,358,0,0,0
"South Carolina","Chester",1989,324,247,61,15,1,0,0,182,77,37,0,0,324,0,0,0
"South Carolina","Colleton",1989,126,95,24,7,0,0,0,133,67,39,0,0,126,0,0,0
"South Carolina","Edgefield",1989,294,252,37,5,0,0,0,115,61,35,0,0,294,0,0,0
"South Carolina","Georgetown",1989,227,213,14,0,0,0,0,76,44,11,0,0,0,183,0,44
"South Carolina","Greenville",1989,295,238,50,7,0,0,0,115,77,34,0,0,244,28,0,23
"South Carolina","Lexington",1989,166,141,20,5,0,0,0,112,64,15,0,0,0,132,0,34
"South Carolina","Oconee",1989,152,119,28,5,0,0,0,136,77,36,0,0,152,0,0,0
"South Carolina","Pickens",1989,338,279,46,11,2,0,0,154,74,34,0,0,338,0,0,0
"South Carolina","Richland",1989,365,245,93,23,4,0,0,182,97,42,64,1,274,21,0,5
"South Carolina","Union",1989,261,202,49,10,0,0,0,140,80,35,0,0,261,0,0,0
"South Carolina","York",1989,287,197,72,17,1,0,0,151,97,41,0,0,287,0,0,0
"South Dakota","Brookings",1989,38,32,6,0,0,0,0,63,54,22,0,0,0,0,0,38
"South Dakota","Jackson",1989,336,319,17,0,0,0,0,93,47,33,0,0,328,0,8,0
"South Dakota","Minnehaha",1989,54,53,1,0,0,0,0,80,35,17,0,0,0,0,0,54
"South Dakota","Pennington",1989,167,152,15,0,0,0,0,72,45,21,0,0,0,0,0,167
"Tennessee","Anderson",1989,364,273,63,27,1,0,0,153,94,29,0,0,0,364,0,0
"Tennessee","Benton",1989,353,296,38,17,2,0,0,155,69,14,0,0,0,353,0,0
"Tennessee","Blount",1989,365,148,161,53,3,0,0,200,108,59,0,0,166,175,22,2
"Tennessee","Bradley",1989,364,299,51,14,0,0,0,122,65,29,0,157,0,176,0,31
"Tennessee","Davidson",1989,365,187,164,13,1,0,0,154,82,50,190,17,72,61,0,25
"Tennessee","Fayette",1989,180,136,40,3,1,0,0,164,74,42,0,0,180,0,0,0
"Tennessee","Hamilton",1989,308,219,63,22,4,0,0,182,93,42,0,0,289,0,0,19
"Tennessee","Hardin",1989,356,332,20,3,1,0,0,160,43,14,0,0,0,356,0,0
"Tennessee","Hawkins",1989,361,92,78,139,52,0,0,200,163,104,0,0,0,361,0,0
"Tennessee","Houston",1989,360,228,48,52,32,0,0,200,146,31,0,0,0,360,0,0
"Tennessee","Humphreys",1989,361,199,110,48,4,0,0,178,106,46,0,0,0,361,0,0
"Tennessee","Knox",1989,363,293,66,4,0,0,0,136,61,39,180,0,155,0,0,28
"Tennessee","Madison",1989,61,58,3,0,0,0,0,55,44,27,0,0,0,0,0,61
"Tennessee","Maury",1989,136,119,17,0,0,0,0,84,54,28,0,24,57,0,0,55
"Tennessee","McMinn",1989,365,265,74,26,0,0,0,135,89,30,0,119,0,200,0,46
"Tennessee","Montgomery",1989,338,254,50,27,7,0,0,200,102,27,13,0,0,288,0,37
"Tennessee","Morgan",1989,344,309,23,10,2,0,0,161,51,13,0,0,0,344,0,0
"Tennessee","Polk",1989,365,172,109,61,23,0,0,200,127,55,0,0,0,365,0,0
"Tennessee","Roane",1989,334,292,32,10,0,0,0,123,55,14,0,0,0,334,0,0
"Tennessee","Rutherford",1989,208,143,57,8,0,0,0,126,90,43,0,3,182,23,0,0
"Tennessee","Sevier",1989,191,102,62,27,0,0,0,147,105,50,0,0,191,0,0,0
"Tennessee","Shelby",1989,365,136,138,83,7,1,0,203,122,66,44,49,125,145,0,2
"Tennessee","Stewart",1989,359,267,50,34,8,0,0,199,109,23,0,0,0,359,0,0
"Tennessee","Sullivan",1989,365,117,136,101,11,0,0,197,126,74,5,36,106,205,0,13
"Tennessee","Sumner",1989,362,175,94,73,19,1,0,207,129,54,0,0,154,208,0,0
"Tennessee","Union",1989,61,56,5,0,0,0,0,64,47,27,0,0,0,0,0,61
"Tennessee","Williamson",1989,195,123,57,15,0,0,0,150,93,46,0,2,181,12,0,0
"Tennessee","Wilson",1989,364,205,77,61,21,0,0,200,129,44,0,0,116,248,0,0
"Texas","Bexar",1989,363,279,65,16,3,0,0,190,77,38,114,0,238,0,0,11
"Texas","Brewster",1989,101,94,7,0,0,0,0,62,43,24,0,0,0,0,101,0
"Texas","Cameron",1989,29,27,2,0,0,0,0,77,47,26,0,0,0,0,0,29
"Texas","Culberson",1989,305,242,63,0,0,0,0,90,64,41,0,0,277,0,28,0
"Texas","Dallas",1989,365,222,106,28,8,1,0,205,101,47,9,133,187,8,0,28
"Texas","Denton",1989,344,216,76,37,13,2,0,206,115,43,0,0,344,0,0,0
"Texas","Ector",1989,48,45,3,0,0,0,0,69,45,20,0,0,0,0,0,48
"Texas","El Paso",1989,365,45,92,152,72,4,0,283,178,112,32,10,69,232,0,22
"Texas","Galveston",1989,349,229,75,37,6,2,0,222,107,42,0,0,211,124,0,14
"Texas","Gregg",1989,343,263,67,9,4,0,0,156,77,37,0,0,343,0,0,0
"Texas","Hardin",1989,339,287,40,7,5,0,0,179,67,33,0,0,339,0,0,0
"Texas","Harris",1989,365,58,156,105,26,20,0,253,174,81,2,37,95,223,0,8
"Texas","Jefferson",1989,363,168,98,76,19,2,0,212,125,56,2,1,178,179,0,3
"Texas","Lubbock",1989,164,142,21,0,0,0,1,399,52,30,0,0,0,0,0,164
"Texas","Nueces",1989,365,266,78,14,7,0,0,173,84,36,0,0,243,64,0,58
"Texas","Orange",1989,140,111,17,9,3,0,0,161,93,37,0,29,111,0,0,0
"Texas","Tarrant",1989,365,226,102,21,15,1,0,206,101,47,113,51,196,0,0,5
"Texas","Travis",1989,365,288,54,20,2,1,0,201,79,38,12,109,236,1,0,7
"Texas","Tyler",1989,220,203,11,5,1,0,0,185,47,21,0,0,123,97,0,0
"Texas","Victoria",1989,251,201,34,12,4,0,0,190,84,32,0,0,251,0,0,0
"Texas","Webb",1989,11,10,1,0,0,0,0,59,46,31,0,0,0,0,0,11
"Texas","Wichita",1989,27,26,1,0,0,0,0,71,34,19,0,0,0,0,0,27
"Utah","Davis",1989,365,191,124,37,11,2,0,227,105,49,3,72,148,134,0,8
"Utah","Garfield",1989,100,100,0,0,0,0,0,36,23,14,0,0,0,0,100,0
"Utah","Grand",1989,294,221,72,1,0,0,0,115,64,44,0,0,247,0,23,24
"Utah","Iron",1989,60,57,3,0,0,0,0,86,38,21,0,0,0,0,0,60
"Utah","Salt Lake",1989,365,41,129,146,49,0,0,200,159,102,0,47,43,260,0,15
"Utah","San Juan",1989,86,86,0,0,0,0,0,37,26,15,0,0,0,0,86,0
"Utah","Utah",1989,365,142,180,34,6,3,0,204,107,56,116,81,106,0,0,62
"Utah","Weber",1989,365,164,169,30,2,0,0,159,97,54,102,171,86,0,0,6
"Vermont","Bennington",1989,206,140,57,8,1,0,0,174,87,43,0,0,206,0,0,0
"Vermont","Chittenden",1989,365,292,67,6,0,0,0,150,64,37,26,146,166,25,0,2
"Vermont","Rutland",1989,337,281,54,2,0,0,0,105,57,29,0,180,0,139,0,18
"Vermont","Washington",1989,48,48,0,0,0,0,0,48,37,20,0,0,0,0,0,48
"Vermont","Windham",1989,54,54,0,0,0,0,0,42,34,21,0,0,0,0,0,54
"Virgin Islands","St Croix",1989,251,137,70,42,2,0,0,164,109,44,0,0,0,251,0,0
"Virginia","Alexandria City",1989,365,193,150,20,2,0,0,190,79,49,3,241,52,69,0,0
"Virginia","Arlington",1989,365,235,102,23,5,0,0,190,89,44,5,247,111,0,0,2
"Virginia","Augusta",1989,358,302,51,5,0,0,0,126,61,36,0,0,291,67,0,0
"Virginia","Bristol City",1989,37,34,3,0,0,0,0,54,48,26,0,0,0,0,0,37
"Virginia","Buchanan",1989,180,160,20,0,0,0,0,86,53,29,0,0,0,0,0,180
"Virginia","Campbell",1989,18,18,0,0,0,0,0,47,43,18,0,0,0,0,0,18
"Virginia","Carroll",1989,32,30,2,0,0,0,0,57,43,20,0,0,0,0,0,32
"Virginia","Charles",1989,205,166,34,5,0,0,0,126,67,40,0,0,205,0,0,0
"Virginia","Charlottesville City",1989,61,57,4,0,0,0,0,55,46,27,0,0,0,0,0,61
"Virginia","Chesapeake City",1989,60,56,4,0,0,0,0,54,42,24,0,0,0,0,0,60
"Virginia","Chesterfield",1989,221,132,70,16,3,0,0,164,97,44,0,0,210,0,0,11
"Virginia","Covington City",1989,10,9,1,0,0,0,0,52,52,34,0,0,0,0,0,10
"Virginia","Fairfax",1989,365,117,178,52,16,2,0,217,119,61,5,145,131,82,0,2
"Virginia","Fairfax City",1989,365,238,104,18,4,1,0,202,87,45,3,164,135,59,0,4
"Virginia","Falls Church City",1989,5,2,3,0,0,0,0,66,66,59,0,0,0,0,0,5
"Virginia","Fauquier",1989,214,126,63,22,3,0,0,166,105,47,0,0,214,0,0,0
"Virginia","Fredericksburg City",1989,9,9,0,0,0,0,0,43,43,17,0,0,0,0,0,9
"Virginia","Hampton City",1989,360,251,91,15,3,0,0,166,85,40,0,0,244,110,0,6
"Virginia","Hanover",1989,212,112,72,21,7,0,0,174,112,49,0,0,212,0,0,0
"Virginia","Henrico",1989,360,286,54,15,5,0,0,177,77,33,0,22,331,0,0,7
"Virginia","Hopewell City",1989,360,156,106,90,8,0,0,178,119,62,0,0,0,348,0,12
"Virginia","Lynchburg City",1989,58,57,1,0,0,0,0,52,44,27,0,0,0,0,0,58
"Virginia","Madison",1989,343,253,83,7,0,0,0,126,77,39,0,0,301,0,42,0
"Virginia","Martinsville City",1989,56,55,1,0,0,0,0,64,44,25,0,0,0,0,0,56
"Virginia","Newport News City",1989,363,363,0,0,0,0,0,49,22,11,363,0,0,0,0,0
"Virginia","Norfolk City",1989,365,250,108,7,0,0,0,127,75,42,53,179,0,128,0,5
"Virginia","Northampton",1989,209,118,68,20,3,0,0,159,105,47,0,0,209,0,0,0
"Virginia","Portsmouth City",1989,28,28,0,0,0,0,0,47,31,19,0,0,0,0,0,28
"Virginia","Richmond City",1989,365,248,115,2,0,0,0,103,65,42,1,268,0,84,0,12
"Virginia","Roanoke",1989,365,272,84,9,0,0,0,133,74,39,2,101,242,20,0,0
"Virginia","Roanoke City",1989,55,47,8,0,0,0,0,60,53,34,0,0,0,0,0,55
"Virginia","Smyth",1989,213,137,69,7,0,0,0,150,87,45,0,0,213,0,0,0
"Virginia","Suffolk City",1989,228,174,48,5,1,0,0,182,77,38,0,0,204,0,0,24
"Virginia","Virginia Beach City",1989,33,28,5,0,0,0,0,86,59,33,2,23,0,8,0,0
"Virginia","Warren",1989,342,227,89,24,2,0,0,172,95,44,0,0,251,78,0,13
"Virginia","Winchester City",1989,19,18,1,0,0,0,0,53,50,25,0,0,0,0,0,19
"Virginia","York",1989,12,12,0,0,0,0,0,37,34,21,0,0,0,0,0,12
"Washington","Asotin",1989,41,35,6,0,0,0,0,66,58,23,0,0,0,0,0,41
"Washington","Benton",1989,166,157,7,1,1,0,0,163,46,21,0,0,0,0,0,166
"Washington","Chelan",1989,48,48,0,0,0,0,0,39,34,19,0,0,0,0,0,48
"Washington","Clallam",1989,363,177,97,72,17,0,0,200,130,56,0,0,36,321,0,6
"Washington","Clark",1989,358,283,73,2,0,0,0,106,67,34,282,0,74,2,0,0
"Washington","Cowlitz",1989,131,119,12,0,0,0,0,89,47,21,0,0,0,13,0,118
"Washington","Grays Harbor",1989,365,99,106,138,22,0,0,200,134,89,0,0,0,365,0,0
"Washington","King",1989,365,192,158,15,0,0,0,143,81,50,206,0,74,26,0,59
"Washington","Kitsap",1989,364,346,18,0,0,0,0,66,41,24,364,0,0,0,0,0
"Washington","Pierce",1989,365,211,141,13,0,0,0,140,81,45,84,0,62,144,8,67
"Washington","Skagit",1989,351,237,80,33,1,0,0,161,96,29,0,0,0,351,0,0
"Washington","Snohomish",1989,365,125,218,22,0,0,0,133,89,58,284,0,0,78,0,3
"Washington","Spokane",1989,365,153,192,17,2,0,1,379,89,55,322,0,0,0,0,43
"Washington","Thurston",1989,181,156,25,0,0,0,0,87,57,19,0,0,0,0,0,181
"Washington","Walla Walla",1989,62,50,11,1,0,0,0,129,54,30,0,0,0,0,0,62
"Washington","Whatcom",1989,357,312,43,1,1,0,0,173,52,30,168,0,15,125,0,49
"Washington","Yakima",1989,351,217,134,0,0,0,0,98,72,43,301,0,0,0,0,50
"West Virginia","Brooke",1989,357,57,126,143,31,0,0,200,146,100,0,0,0,353,0,4
"West Virginia","Cabell",1989,365,248,80,33,3,1,0,218,101,41,0,68,171,126,0,0
"West Virginia","Greenbrier",1989,352,287,55,7,3,0,0,179,67,36,7,4,245,96,0,0
"West Virginia","Hancock",1989,365,27,72,188,78,0,0,200,173,119,0,1,19,342,0,3
"West Virginia","Kanawha",1989,365,134,157,72,2,0,0,177,111,64,0,54,55,255,0,1
"West Virginia","Marshall",1989,333,95,84,118,36,0,0,200,152,91,0,0,0,333,0,0
"West Virginia","Monongalia",1989,360,287,45,28,0,0,0,134,82,16,0,0,0,360,0,0
"West Virginia","Ohio",1989,365,118,135,101,11,0,0,186,128,72,12,22,92,236,0,3
"West Virginia","Wayne",1989,365,50,142,152,21,0,0,200,142,97,0,0,0,365,0,0
"West Virginia","Wood",1989,350,125,118,72,34,1,0,206,151,69,0,0,118,232,0,0
"Wisconsin","Brown",1989,365,159,157,45,4,0,0,190,107,55,0,0,90,265,0,10
"Wisconsin","Columbia",1989,304,217,61,24,2,0,0,195,93,42,0,5,283,16,0,0
"Wisconsin","Dane",1989,365,289,59,16,1,0,0,190,66,34,73,0,167,74,0,51
"Wisconsin","Dodge",1989,181,119,45,14,3,0,0,185,97,46,0,0,181,0,0,0
"Wisconsin","Door",1989,158,106,27,20,4,1,0,202,122,42,0,0,158,0,0,0
"Wisconsin","Douglas",1989,365,312,30,17,6,0,0,184,66,18,0,0,0,227,0,138
"Wisconsin","Florence",1989,275,217,49,8,1,0,0,169,74,40,0,0,275,0,0,0
"Wisconsin","Fond du Lac",1989,180,125,40,12,3,0,0,185,97,44,0,0,180,0,0,0
"Wisconsin","Jefferson",1989,184,105,47,28,3,1,0,203,119,47,0,0,184,0,0,0
"Wisconsin","Kenosha",1989,363,261,58,25,16,3,0,227,108,39,0,164,176,23,0,0
"Wisconsin","Kewaunee",1989,184,132,39,10,3,0,0,187,93,43,0,0,184,0,0,0
"Wisconsin","Lincoln",1989,359,343,13,3,0,0,0,109,31,7,0,0,0,359,0,0
"Wisconsin","Manitowoc",1989,180,119,37,18,5,1,0,207,119,44,0,0,180,0,0,0
"Wisconsin","Marathon",1989,364,199,66,53,46,0,0,200,161,43,0,0,0,364,0,0
"Wisconsin","Milwaukee",1989,365,158,135,56,12,4,0,222,115,57,8,116,100,134,0,7
"Wisconsin","Oneida",1989,365,249,55,52,9,0,0,200,125,36,0,0,141,224,0,0
"Wisconsin","Outagamie",1989,179,146,25,8,0,0,0,140,84,39,0,0,179,0,0,0
"Wisconsin","Ozaukee",1989,214,143,44,19,5,3,0,227,108,44,0,0,214,0,0,0
"Wisconsin","Racine",1989,364,274,60,15,10,5,0,225,87,36,205,0,159,0,0,0
"Wisconsin","Rock",1989,184,105,45,24,9,1,0,205,115,48,0,0,184,0,0,0
"Wisconsin","Sheboygan",1989,365,285,54,20,5,1,0,202,87,34,0,0,307,58,0,0
"Wisconsin","St. Croix",1989,176,134,38,4,0,0,0,147,74,41,0,0,176,0,0,0
"Wisconsin","Vernon",1989,30,30,0,0,0,0,0,47,31,19,0,0,0,0,0,30
"Wisconsin","Walworth",1989,273,187,59,22,4,1,0,203,100,42,0,0,273,0,0,0
"Wisconsin","Washington",1989,195,128,43,21,1,2,0,205,105,45,0,0,180,0,0,15
"Wisconsin","Waukesha",1989,365,250,93,16,4,2,0,209,80,39,54,0,130,0,0,181
"Wisconsin","Winnebago",1989,288,176,76,25,7,4,0,255,108,44,107,0,181,0,0,0
"Wisconsin","Wood",1989,346,336,9,1,0,0,0,109,34,11,0,0,0,346,0,0
"Wyoming","Albany",1989,47,45,2,0,0,0,0,70,40,24,0,0,0,0,0,47
"Wyoming","Fremont",1989,165,141,24,0,0,0,0,81,57,21,0,0,0,0,0,165
"Wyoming","Park",1989,156,148,7,1,0,0,0,131,33,17,0,0,0,0,0,156
"Wyoming","Sheridan",1989,171,136,35,0,0,0,0,78,56,31,0,0,0,0,0,171
"Wyoming","Sublette",1989,96,96,0,0,0,0,0,32,20,10,0,0,0,0,96,0
"Wyoming","Sweetwater",1989,61,55,6,0,0,0,0,64,50,30,0,0,0,0,0,61
"Wyoming","Teton",1989,274,245,29,0,0,0,0,90,51,38,0,0,227,0,24,23
